SET SQL_MODE = "NO_AUTO_VALUE_ON_ZERO";
START TRANSACTION;

/*!40101 SET @OLD_CHARACTER_SET_CLIENT=@@CHARACTER_SET_CLIENT */;
/*!40101 SET @OLD_CHARACTER_SET_RESULTS=@@CHARACTER_SET_RESULTS */;
/*!40101 SET @OLD_COLLATION_CONNECTION=@@COLLATION_CONNECTION */;
/*!40101 SET NAMES utf8mb4 */;


INSERT INTO `categoria` (`ID`, `nome`) VALUES
(1, 'Birre'),
(2, 'Vini'),
(3, 'Liquori'),
(4, 'Superalcolici'),
(5, 'Grappe'),
(6, 'Digestivi'),
(7, 'Altro');

INSERT INTO `cliente` (`ID`, `nome`, `cognome`, `dataNascita`, `email`, `password`) VALUES
(1, 'Mario', 'Rossi', '2000-05-04', 'mario.rossi@twalcolici.it', '$2y$10$0PB.LkwaFGmeCcniJGRrhOT58yFdYkWLtLONbvCnrW/fkiZOWa/Kq'),
(2, 'Filippo', 'Verdi', '1999-11-13', 'filippo.verdi@twalcolici.it', '$2y$10$QmLm7645vIMHPD7qRd4KguQ4ccU9hVeTvCTpc6kjWkxc3TbYCMPmi');

INSERT INTO `venditore` (`ID`, `nome`, `cognome`, `dataNascita`, `email`, `password`) VALUES
(1, 'Andrea', 'Foschi', '2000-04-20', 'andrea.foschi13@studio.unibo.it', '$2y$10$5oSxen6di4a/NGSfgXeBWOnNvPH3JxxpZH1DqSi7uz56QetqT7ogG'),
(2, 'Atanasov', 'Atanas Todorov', '2000-12-06', 'atanastodor.atanasov@studio.unibo.it', '$2y$10$p/AFQLb10EVsqOmghtxLdOxoK5uhNY36FVfXGX2keeVTQ3QmWLk4m'),
(3, 'Admin', 'Admin', '2021-12-31', 'admin@twalcolici.it', '$2y$10$5BH0WU/2ioJeX3JNHjOA5.hoZzKbNBcZZpRFn/7nj02CAnR.3KkNq');

INSERT INTO `prodotto` (`ID`, `ID_venditore`, `nome`, `nomeImmagine`, `quantitàDisponibile`, `tipoDisponibilità`, `prezzoUnitario`, `testoBreve`, `testoMedio`, `testoLungo`, `dataInserimento`, `ID_categoria`) VALUES
(1, 1, '\"Tennessee Fire\" - Jack Daniel\'s (1l)\r\n', 'jack.jpg', 15, '1 mese', 36, 'Ambrato, con riflessi color mogano.', 'Ambrato, con riflessi color mogano. Al naso è piacevolmente intenso; spiccano le note speziate di cannella. Al palato è energico e incisivo.', 'Ambrato, con riflessi color mogano. Al naso è piacevolmente intenso; spiccano le note speziate di cannella. Al palato è energico e incisivo. Assolutamente da provare questa incredibile novità firmata Jack Daniel\'s; si tratta, infatti, del leggendario Tennessee Whisky aggiunto, in questo caso, di liquore alla cannella: ne risulta un prodotto stimolante e vitalizzante, da non perdere.', '2021-12-29', 3),
(2, 1, 'Acqua di Cedro - Distilleria Nardini 1779 (0.7l)', 'acquacedro.jpg', 9, '1 mese', 12.3, 'Si presenta cristallino e trasparente alla vista.', 'Si presenta cristallino e trasparente alla vista. Il bouquet olfattivo è intenso e piacevole, caratterizzato dal netto richiamo al cedro. L’assaggio è scorrevole, dolce e asciutto, di buona lunghezza.', 'Si presenta cristallino e trasparente alla vista. Il bouquet olfattivo è intenso e piacevole, caratterizzato dal netto richiamo al cedro. L’assaggio è scorrevole, dolce e asciutto, di buona lunghezza. Ottima servita fredda nonché ideale ingrediente per dolci e cocktail, l’Acqua di Cedro etichettata Nardini viene aromatizzata lasciando in infusione le bucce dell’agrume. Pulita e rinfrescante, ha un sorso che richiama la gradevole brezza estiva: assaggiatela e ne rimarrete piacevolmente sorpresi.', '2022-01-09', 6),
(3, 2, 'Amaro \"Montenegro\" - Gruppo Montenegro (0.7l)', 'montenegro.jpg', 12, '10 giorni', 15.9, 'Liquore digestivo ottenuto da 40 erbe aromatiche. Bottiglia da 70cl, 23% vol.', 'Ambrato intenso e luminoso il colore alla vista, con sottili riflessi ramati. Il bouquet olfattivo si snoda tra sfumature vegetali e speziate, con sentori che richiamano la maggiorana, l’origano e l’artemisia da un lato, mentre d’altro canto ricordano anche la noce moscata, la cannella e i chiodi di garofano. Il sorso è orchestrato in un gustoso bilanciamento tra note dolci e ricordi amaricanti. Lunga la persistenza e mentolato il retrogusto.', 'Ambrato intenso e luminoso il colore alla vista, con sottili riflessi ramati. Il bouquet olfattivo si snoda tra sfumature vegetali e speziate, con sentori che richiamano la maggiorana, l’origano e l’artemisia da un lato, mentre d’altro canto ricordano anche la noce moscata, la cannella e i chiodi di garofano. Il sorso è orchestrato in un gustoso bilanciamento tra note dolci e ricordi amaricanti. Lunga la persistenza e mentolato il retrogusto. Viene ancora oggi prodotto seguendo la ricetta originale, che prevede l’impiego di ben quaranta diversi elementi aromatizzanti, suddivisi tra erbe officinali, spezie, radici, frutta secca, fiori, semi e cortecce. Ideato da Stanislao Cobianchi nel 1885, l’Amaro “Montenegro” deve il suo nome a Elena Petrovich, all’epoca Principessa del Montenegro, alla quale lo stesso Cobianchi volle dedicare la sua creazione. Da scegliere per il dopocena come digestivo, è ormai entrato a diritto nell’elenco delle migliori eccellenze appartenenti alla tradizione italiana.', '2021-12-29', 6),
(4, 1, 'ARCOROC, Set di 6 Bicchieri da 30 cl Islande Old Fashioned', 'bicchiere.jpg', 25, 'Immediata', 10, 'In vetro temprato.', 'In vetro temprato. Lavabili in lavastoviglie. Ideale per uso quotidiano. Perfetto per liquori. Base pesante.', 'In vetro temprato. Lavabili in lavastoviglie. Ideale per uso quotidiano. Perfetto per liquori. Base pesante. Arc, leader mondiale nel settore delle stoviglie, vanta quasi 200 anni di esperienza e know-how nella produzione di vetreria. Nel corso degli anni, Arc ha acquisito anche competenze speciali nel settore della gastronomia, dei bar e dell\'enologia. Con le sue tre marche Arcoroc, Chef & Sommelier e Cristal d\'Arques, Arc soddisfa perfettamente le esigenze degli esperti di hotel e ristoranti.', '2022-01-04', 7),
(5, 1, 'Bar spoon cucchiaio miscelatore con base piatta in acciaio inox cm 26,5', 'spoon.jpg', 10, '5 giorni', 8.41, 'Cucchiaio miscelatore pratico e sempre attuale, oltre che dall\'ottimo rapporto qualità/prezzo.', 'Il Bar spoon cucchiaio miscelatore con base piatta in acciaio inox cm 26,5 ha tante funzioni e altrettanti pregi. Grazie al pestello posto alla base, potete usarlo come mini muddler durante la realizzazione di drink pestati, oppure come il più classico dei bar spoon; per miscelare gli ingredienti, dosare piccole quantità grazie al cucchiaio o raffreddare bicchieri e mixing glass. Leggero e pratico, è reso ancora più maneggevole dal torciglione, che permette una presa salda lungo tutta la sua lunghezza. Il cucchiaio all\'estremità si bilancia perfettamente con il pestello all\'opposto, facilitando ulteriormente il vostro operato.\r\n\r\nL\'acciaio inox scelto per realizzarlo dà inoltre la possibilità di lavarlo in lavastoviglie; il che costituisce un vantaggio quando bisogna lavorare in velocità per la presenza di ospiti.', 'Il Bar spoon cucchiaio miscelatore con base piatta in acciaio inox cm 26,5 ha tante funzioni e altrettanti pregi. Grazie al pestello posto alla base, potete usarlo come mini muddler durante la realizzazione di drink pestati, oppure come il più classico dei bar spoon; per miscelare gli ingredienti, dosare piccole quantità grazie al cucchiaio o raffreddare bicchieri e mixing glass. Leggero e pratico, è reso ancora più maneggevole dal torciglione, che permette una presa salda lungo tutta la sua lunghezza. Il cucchiaio all\'estremità si bilancia perfettamente con il pestello all\'opposto, facilitando ulteriormente il vostro operato. Il Bar spoon cucchiaio miscelatore con base piatta in acciaio inox cm 26,5 gode di un ottimo rapporto qualità/prezzo, ma è soprattutto un alleato sicuro nelle vostre serate; alle guest, sul bancone, nei cocktail bar, durante i bar catering e in ogni locale in cui desideriate aggiungere qualità al vostro lavoro nella realizzazione dei drink. Un attrezzo insomma sottovalutato ma indispensabile, con tutti i requisiti necessari per farvi lavorare comodamente, con costanza e qualità!', '2022-01-27', 7),
(6, 2, 'Beck\'s Birra Pils 5% Alcool, Confezione da 24 bottiglie da 330 ml', 'becks.jpg', 35, 'Immediata', 27, 'Confezione da 24 bottiglie da 33 cl di Beck\'s, birra Pils 5% alcool', 'Confezione da 24 bottiglie da 33 cl di Beck\'s, birra Pils 5% alcool. Beck\'s è una birra Pilsner tedesca, ha un colore dorato con un gusto deciso e distintivo piacevolmente amaro, un aroma fresco e luppolato. Beck\'s ha oltre 140 anni di storia, prodotta in Germania secondo la Reinheisgebot, legge della Purezza Tedesca del 1516, con solo 4 ingredienti naturali: orzo, luppolo, lievito e acqua. Al naso ritroviamo i profumi freschi e pungenti del luppolo di Hallertau usati proveniente dalla stessa regione tedesca, ben nota per la qualità e tradizione birraia tedesca. Temperatura ottima di servizio 6-8°C', 'La Beck’s è una birra tedesca prodotta dal 1873 dalla Brauerei Beck & Co di Brema, ed è una delle birre più famose e diffuse al mondo. È una lager, quindi prodotta a bassa fermentazione, ma rientra nella tipologia delle pilsner, birre chiare superpremium prodotte sul modello delle birre della città di Pilsen. Come tale, presenta le caratteristiche tipiche delle pilsner: bouquet fiorito e fragrante, sapore delicato e finitura luppolata elegante. Ha una gradazione alcolica del 5% e un colore biondo chiaro e limpido. Va servita nel calice a chiudere a una temperatura di 8 gradi. Grazie al suo gusto delicatamente amarognolo dato dal luppolo impiegato nella sua preparazione, può essere bevuta sia da sola come drink dissetante che in abbinamento con piatti di pesce e carne. Tipologia: Lager – Pilsner Colore: Biondo Gradazione: 5% Luogo di origine: Brema, Germania Anno di nascita 1873 Temperatura di servizio: 4°/6°C Tipo di fermentazione: Bassa', '2022-01-03', 1),
(7, 2, 'Birra Ceres 33cl - Confezione da 24 bottiglie', 'ceres.jpg', 12, '5 giorni', 29.64, 'Abbinamento su spuntini veloci ma saporiti, come un tagliere di salumi e formaggi.', 'Qui si fondono storia e leggenda: pare infatti che Cerere fosse la Dea del raccolto e che, durante una relazione amorosa con Thor, gli avesse rivelato il segreto per produrre un nettare con il quale delizare gli altri Dei durante le feste. A queste feste partecipava spesso anche un gigante con le sue nove figlie, una delle quali innamorata di un umano, che una sera introdusse di nascosto nell\'Olimpo. Egli assaggiò la birra, se ne innamorò e rubò la ricetta che, tornato sulla terra, nascose in un tronco di un albero. Ucciso da Thor subito dopo l\'accaduto, la pergamena rimase nascosta per anni, finchè una donna, Nicoline, mentre faceva legna per l\'inverno, la trovò e iniziò a metterla in pratica, creando il suo primo birrificio nel 1865. Da quel momento iniziò la storia, che ancora oggi prosegue in tutto il mondo, un mito dal carattere inconfondibile, sinonimo di qualità e gusto.', 'Qui si fondono storia e leggenda: pare infatti che Cerere fosse la Dea del raccolto e che, durante una relazione amorosa con Thor, gli avesse rivelato il segreto per produrre un nettare con il quale delizare gli altri Dei durante le feste. A queste feste partecipava spesso anche un gigante con le sue nove figlie, una delle quali innamorata di un umano, che una sera introdusse di nascosto nell\'Olimpo. Egli assaggiò la birra, se ne innamorò e rubò la ricetta che, tornato sulla terra, nascose in un tronco di un albero. Ucciso da Thor subito dopo l\'accaduto, la pergamena rimase nascosta per anni, finchè una donna, Nicoline, mentre faceva legna per l\'inverno, la trovò e iniziò a metterla in pratica, creando il suo primo birrificio nel 1865. Da quel momento iniziò la storia, che ancora oggi prosegue in tutto il mondo, un mito dal carattere inconfondibile, sinonimo di qualità e gusto.\r\n\r\nNel bicchiere si presenta di colore giallo ocra intenso, con schiuma bianca e fine. Al naso ritroviamo sentori di mais, pannocchia tostata, uniti a sentori di malto e lieve nota pungente dell\'alcol. In bocca si rivela dando il meglio di sè, con un sapore insistente di malto su un gusto lievemente abboccato e una capacità davvero dissetante su ritorni fruttati. \r\n\r\nAbbinamento su spuntini veloci ma saporiti, come un tagliere di salumi e formaggi.', '2022-01-07', 1),
(8, 1, 'Birra Heineken 33CL - Confezione da 24 bottiglie\r\n', 'heineken.jpg', 25, 'Immediata', 20.4, 'Heineken si presenta nel calice con una schiuma attraente, fine e compatta.', 'Heineken si presenta nel calice con una schiuma attraente, fine e compatta. Il colore giallo oro brillante è conferito grazie al malto utilizzato, di primissima qualità. Al naso emergono sottili note fruttate ed un piacevole e delicato sentore di lievito fresco e cereali, questa eleganza olfattiva si sviluppa grazie al nostro lievito-A che lavora in serbatoi orizzontali. Il processo produttivo che si protrae per 28 giorni contribuisce allo sviluppo di sensazioni palatali fini e delicate, il corpo leggero e la gentile nota di amaro lasciano in bocca una pulita sensazione di freschezza.', 'Heineken si presenta nel calice con una schiuma attraente, fine e compatta. Il colore giallo oro brillante è conferito grazie al malto utilizzato, di primissima qualità. Al naso emergono sottili note fruttate ed un piacevole e delicato sentore di lievito fresco e cereali, questa eleganza olfattiva si sviluppa grazie al nostro lievito-A che lavora in serbatoi orizzontali. Il processo produttivo che si protrae per 28 giorni contribuisce allo sviluppo di sensazioni palatali fini e delicate, il corpo leggero e la gentile nota di amaro lasciano in bocca una pulita sensazione di freschezza. Il birrificio Heineken viene aperto in Olanda nel 1864 da Gerard Adriaan Heineken con l\'approvazione della madre data la sua giova età, soli 22 anni. Heineken acquista lo storico edificio della De Hoiberg, un birrificio attivo dal 1592. Il 15 febbraio 1865 nasce il colosso internazionale Heineken & Co. Dopo gli anni di proibizionismo in America, Heineken diventa la prima birra ad essere importata in US. Un evento memorabile, tanto che il New York Times scrisse un articolo dedicato al primo carico legale di birra arrivata negli Stati Uniti d\'America. A rappresentare la birra in USA è Leo van Munching, operatore navale che faceva spola tra i due paesi, grazie al suo carisma riuscì a convincere la famiglia a renderlo rappresentante ufficiale. L\'etichetta viene modificata nel 1948, al nome storico viene modificata l\'inclinazione delle E all\'interno del nome, con l\'intento di rendere sorridente il logo. Nel 1954 con l\'intento di trasmettere sicurezza ai propri consumatori viene modificata l\'etichetta da rossa a verde. Oggi il birrificio Olandese ha acquisito stabilimenti in tutto il mondo ed ha raggiunto il numero di 74 mila dipendenti.', '2021-12-22', 1),
(9, 1, 'BIRRA ICHNUSA NON FILT.CL.20X4', 'ichnusa.jpg', 7, '1 mese', 23.37, 'Dalla passione dei Mastri birrai di Assemini nasce Ichnusa Non Filtrata.', 'Dalla passione dei Mastri birrai di Assemini nasce Ichnusa Non Filtrata, una birra corposa perché fatta con puro malto d’orzo. Non essendo filtrata, presenta un aspetto piacevolmente velato grazie ai lieviti rimasti in sospensione. Offre una bevuta morbida con una lieve nota amara nel finale. La sua immagine, ispirata al passato, è iconica e distintiva e rispetta perfettamente la personalità di una birra davvero unica.', 'Dalla passione dei Mastri birrai di Assemini nasce Ichnusa Non Filtrata, una birra corposa perché fatta con puro malto d’orzo. Non essendo filtrata, presenta un aspetto piacevolmente velato grazie ai lieviti rimasti in sospensione. Offre una bevuta morbida con una lieve nota amara nel finale. La sua immagine, ispirata al passato, è iconica e distintiva e rispetta perfettamente la personalità di una birra davvero unica. GUSTO Moderatamente amaro COLORE Dorato SCHIUMA Persistente CORPO Intenso e rotondo ASPETTO Leggermente torbida FRIZZANTEZZA Moderata AROMA Fruttato con un leggero sentore di luppolo ALCOLICA 5% vol\r\n\r\nGRADAZIONE SACCAROMETRICA\r\n\r\n11,2° vol\r\n\r\nTIPO DI FERMENTAZIONE\r\n\r\nBassa\r\n\r\nTEMPERATURA DI SERVIZIO\r\n\r\n3 C°\r\n\r\nPeso Netto\r\n\r\n\r\n800\r\n\r\nAllergeni\r\n\r\n\r\nContiene Orzo\r\n\r\nIngredienti\r\n\r\n\r\nAcqua, Malto d\'orzo, Luppolo, Lievito', '2022-01-03', 1),
(10, 1, 'Birra Paulaner Hefe Weissbier 50CL - Confezione da 20 bottiglie\r\n', 'paulaner.jpg', 3, '10 giorni', 28.58, 'Ingredienti: Malto d\'orzo Acqua Lievito Luppolo Malto di frumento', 'Nazione: Germania Tipologia: Weissbier Birreria: Paulaner Brauerei group Formato e capacità: bottiglia 50cl Temperatura di servizio : 8° - 10° C Ingredienti: Malto d\'orzo Acqua Lievito Luppolo Malto di frumento', 'La Paulaner è una birra che non viene filtrata prima di essere imbottigliata, presenta pertanto un aspetto scuro dovuto ai lieviti in sospensione. Questa birra tedesca presenta quindi un colore giallo paglia relativamente opalescente, accompagnato da uno strato di schiuma abbondante, cremosa e stabile nel bicchiere. Al naso, libera degli aromi piacevolmente fruttati e affumicati di cereali. In bocca, è rotonda e leggermente acidula e provoca dei sapori fruttati tipici delle birre di grano! Il luppolo sancisce la propria presenza sul finale con una leggera nota di amaro affumicata piacevolissima!', '2021-12-22', 1),
(11, 2, 'Bitter - La Valdôtaine (1l)\r\n', 'bitter.jpg', 0, '10 giorni', 26.9, 'Un perfetto mix di aromi dolci e amari che ci dona un prodotto elegante.', 'Un bitter nel quale le note dolci di fiore di sambuco si fondono a quelle più amare di artemisia e genziana, su uno sfondo che ricorda di scorza di arancia e liquirizia. Sensazioni che conferma in fase di assaggio.', 'Il Bitter prodotto da La Valdôtaine nasce dall’infusione di diverse erbe, frutti e radici come l’artemisia, la genziana, la scorza d’arancia e la liquirizia. Un perfetto mix di aromi dolci e amari che ci dona un prodotto elegante, perfetto per realizzare cocktails al momento dell’aperitivo.', '2022-01-21', 6),
(12, 2, 'Colino strainer in acciaio inox 18 cm', 'colino.jpg', 4, '10 giorni', 10.43, 'Colino strainer in acciaio inox 18 cm.', 'Colino in acciaio inox adatto per trattenere il ghiaccio quando si versano i cocktail nel bicchiere. Acciaio inox 18/10 Firmato RG, qualità garantita dalla manodopera italiana.', 'Colino in acciaio inox adatto per trattenere il ghiaccio quando si versano i cocktail nel bicchiere. Acciaio inox 18/10 Firmato RG, qualità garantita dalla manodopera italiana.', '2022-02-04', 7),
(13, 2, 'Demiawking 3 Pezzi Acciaio INOX Cocktail Jigger', 'misurini.jpg', 3, 'Immediata', 14.99, 'Il misurino per cocktail in acciaio inossidabile presenta un design solido e compatto.', 'Il misurino per cocktail in acciaio inossidabile presenta un design solido e compatto, amerete preparare drink con questo kit.\r\nFatti in eccellente acciaio INOX, resistenti e facili da pulire. Squisita fattura, sani e sicuri per preparare cocktail.\r\n3 pezzi in un set che include tre misurini con diverse capacità. Ideali per bar, ristoranti, pub, hotel e uso domestico.', 'Il misurino per cocktail in acciaio inossidabile presenta un design solido e compatto, amerete preparare drink con questo kit.\r\nFatti in eccellente acciaio INOX, resistenti e facili da pulire.\r\nSquisita fattura, sani e sicuri per preparare cocktail.\r\n3 pezzi in un set che include tre misurini con diverse capacità.\r\nIdeali per bar, ristoranti, pub, hotel e uso domestico.', '2022-01-17', 7),
(14, 2, 'Ferrari Perlé Spumante, 75cl', 'ferrari.jpg', 1, '10 giorni', 29.91, 'Paglierino lucente, con riflessi oro.', 'Paglierino lucente, con riflessi oro. Al naso si percepisce un immediato soffio agrumato, che lascia poco dopo il posto a note di frutta secca, spezie e crosta di pane. Al sorso è armonico ed equilibrato, con piacevoli ricordi agrumati in chiusura, su trama minerale. Eccellente. Annata:2010 Colore:Bianco Metodologia Produttiva:Vino Convenzionale Nazione di produzione:Italia Quantita:75CL Regione Italiana:Trentino-Alto Adige Reperibilità:Media Tenore Alcolico e% Vole:12,5 Tipologia:Fermo', 'Paglierino lucente, con riflessi oro. Al naso si percepisce un immediato soffio agrumato, che lascia poco dopo il posto a note di frutta secca, spezie e crosta di pane. Al sorso è armonico ed equilibrato, con piacevoli ricordi agrumati in chiusura, su trama minerale. Eccellente. Annata:2010 Colore:Bianco Metodologia Produttiva:Vino Convenzionale Nazione di produzione:Italia Quantita:75CL Regione Italiana:Trentino-Alto Adige Reperibilità:Media Tenore Alcolico e% Vole:12,5 Tipologia:Fermo', '2022-02-01', 2),
(15, 2, 'Gin Mare 750ml - Mediterrean Gin', 'ginMare.jpg', 2, '1 mese', 48, 'Gin Mare Viene realizzato utilizzando tecniche e tempi tradizionalmente mediterranei.', 'Gin Mare Viene realizzato utilizzando tecniche e tempi tradizionalmente mediterranei. Partendo da una delicata macerazione degli elementi botanici che vengono distillati separatamente e poi miscelati secondo la sapienza del Mastro Distillatore.', 'Gin Mare Viene realizzato utilizzando tecniche e tempi tradizionalmente mediterranei. Partendo da una delicata macerazione degli elementi botanici che vengono distillati separatamente e poi miscelati secondo la sapienza del Mastro Distillatore. Basico Italiano, Olive Spagnole, Rosmarino Greco e Timo Turco sono questi gli ingredienti base del Gin Mare ed ogni bottiglia è unica perché il livello di acidità degli ingredienti è ogni volta unico ed ogni distillazione si converte in opera culinaria irripetibile.', '2021-12-29', 4),
(16, 1, 'Grappa \"Bassano Classica\" Poli Jacopo', 'bassano.jpg', 5, '10 giorni', 12.43, 'Provenienza: Veneto', 'La Grappa di Bassano Poli è un\'acquavite prodotta da Poli Jacopo, storica azienda veneta, nota per la produzione di grappe apprezzate in tutto il mondo. Questo prodotto vuole rappresentare una lettera d\'amore ideale al territorio che circonda la città di Bassano, la capitale della grappa.', 'La Grappa di Bassano Poli è un\'acquavite prodotta da Poli Jacopo, storica azienda veneta, nota per la produzione di grappe apprezzate in tutto il mondo. Questo prodotto vuole rappresentare una lettera d\'amore ideale al territorio che circonda la città di Bassano, la capitale della grappa. L\'omaggio alla città e al suo simbolo, il Ponte Vecchio, si ritrova in ogni passaggio: dalla scelta delle uve fino al processo di distillazione, improntato ad ottenere la massima qualità. Questa grappa si ottiene infatti da cuvée di vitigni classici della zona di Bassano, che riflettono una filosofia produttiva volta a rispettare e raccontare a pieno questa affascinante zona. Inoltre, la distillazione avviene in maniera del tutto artigianale, attraverso un alambicco in rame e piccole caldaie alimentate a vapore a ciclo discontinuo. Il risultato è una grappa, prodotta esclusivamente in piccoli lotti, dal gusto elegante e persistente. La Grappa di Bassano Poli è perfetta come digestivo al termine di una cena tra amici: essa saprà allietare, con discrezione, i momenti conviviali.', '2021-12-26', 5),
(17, 1, 'Grappa \"Sarpa di Poli\" Jacopo Poli 70 Cl', 'poli.jpg', 3, '1 mese', 16.5, 'Colore bianco brillante e cristallino.', 'La Grappa Sarpa di Poli, della distilleria Poli Jacopo, nasce nel cuore del Veneto ed è contraddistinta dalla genuinità tipica dei migliori prodotti artigianali. Tale distillato, preparato con ingredienti esclusivamente naturali, esprime un forte legame con il proprio territorio ed è dotato di un\'eleganza e di una personalità senza pari.', 'La Grappa Sarpa di Poli, della distilleria Poli Jacopo, nasce nel cuore del Veneto ed è contraddistinta dalla genuinità tipica dei migliori prodotti artigianali. Tale distillato, preparato con ingredienti esclusivamente naturali, esprime un forte legame con il proprio territorio ed è dotato di un\'eleganza e di una personalità senza pari. La famiglia Poli, fondatrice dell\'azienda, è presente in Veneto sin dal \'400: i suoi metodi tradizionali, basati sull\'insegnamento dei maestri del passato, si fondono tuttavia con tecniche innovative finalizzate al pieno rispetto dell\'ambiente e alla riduzione dei consumi. Ricavata da vinacce di uve Cabernet e Merlot, la Grappa Sarpa di Poli è ottenuta tramite distillazione in alambicchi di rame con l\'ausilio di piccole caldaie a vapore. Il nome del prodotto rappresenta un vero e proprio simbolo dell\'autenticità della materia prima: \"sarpa\", per l\'appunto, è il termine veneto che indica la vinaccia. Il distillato si caratterizza per un sorso pieno e generoso e possiede un corpo vellutato, caldo, in grado di conciliare in maniera equilibrata vari sapori.', '2022-01-17', 5),
(18, 2, 'Grappa Barricata \"Sarpa Oro\" - Jacopo Poli (0.7l - astuccio)', 'sarpa.jpg', 4, '5 giorni', 26, 'Giallo dorato intenso e luminoso alla vista il colore.', 'Giallo dorato intenso e luminoso alla vista il colore. Possiede sentori olfattivi che ricordano la frutta esotica, il cedro, la liquirizia e la vaniglia. All’assaggio si dimostra complessa, avvolgente e articolata. Ottima la persistenza.', 'Giallo dorato intenso e luminoso alla vista il colore. Possiede sentori olfattivi che ricordano la frutta esotica, il cedro, la liquirizia e la vaniglia. All’assaggio si dimostra complessa, avvolgente e articolata. Ottima la persistenza. Nasce da vinacce di uve merlot e cabernet, e viene distillata artigianalmente in piccoli lotti, utilizzando alambicchi di rame discontinui riscaldati a vapore. Elegante e semplice nel contempo, è in grado di riunire la storia, la tradizione e la passione con cui la distilleria Jacopo Poli produce tutti i suoi distillati. Ottima.', '2022-01-16', 5),
(19, 2, 'Grappa Riserva 15 anni - Distilleria Nardini 1779 (0.7l - astuccio)', 'nardini.jpg', 11, '10 giorni', 64, 'Ambrato intenso e luminoso il colore alla vista.', 'Ambrato intenso e luminoso il colore alla vista. All’olfattiva lascia percepire sentori di frutta matura, di vaniglia, di tabacco e di cannella. Il palato è ricco e di lunga persistenza, contraddistinto da un retrogusto che richiama nettamente il boisé dato dall’invecchiamento.', 'Ambrato intenso e luminoso il colore alla vista. All’olfattiva lascia percepire sentori di frutta matura, di vaniglia, di tabacco e di cannella. Il palato è ricco e di lunga persistenza, contraddistinto da un retrogusto che richiama nettamente il boisé dato dall’invecchiamento. Prende vita dalle più pregiate Grappe plurivitgno custodite nelle cantine dell’azienda Nardini. La Grappa “Riserva 15 Anni”, prodotta con impianto discontinuo a caldaiette e impianto continuo a colonne di distillazione, viene lasciata invecchiare in botti di rovere di Slavonia. Intensa e di grande persistenza, è caratterizzata da decise sfumature che rimandano all’invecchiamento in legno. È una Grappa da 10 e lode.', '2022-01-02', 5),
(20, 2, 'Grappa Riserva Affinata in Botti da Rum - Sibona (0.5l - astuccio a tubo)', 'sibona.jpg', 0, '1 mese', 24.5, 'Ambrata.', 'Ambrata. Al naso è ricca e complessa, con sentori dominanti di frutta e note di spezie. Al palato è elegante e distinta, piacevolmente segnata da toni di caffè e vaniglia.', 'Ambrata. Al naso è ricca e complessa, con sentori dominanti di frutta e note di spezie. Al palato è elegante e distinta, piacevolmente segnata da toni di caffè e vaniglia. La Grappa Riserva Affinata in Botti da Rum della Distilleria Sibona, già invecchiata, per un lungo periodo, in legno rovere, è stata in seguito messa a riposo, per diversi mesi, in botti già usate, in precedenza, per invecchiare i Rum di alcune delle più prestigiose distillerie. La particolare permanenza in botti da Rum regala una Grappa eccezionale dal punto di vista qualitativo, ricca ed elaborata.', '2022-01-18', 5),
(21, 1, 'Lambrusco Modena amabile DOC 1,5L Cavicchioli', 'lambrusco.jpg', 8, 'Immediata', 5.28, 'Vino frizzante ottenuto dalla vinificazione di uve Lambrusco coltivate nella provincia di Modena.', 'Vino frizzante ottenuto dalla vinificazione di uve Lambrusco coltivate nella provincia di Modena. Colore: rosso intenso con spuma evanescente Profumo: fresco e garbatamente vinoso. Sapore: caratteristico  e morbido,amabile e fruttato\r\nAbbinamenti: a tutto pasto Temperatura di servizio: servire fresco Gradazione Alcolica: 8% VOL Allergeni: Contiene Solfiti', 'Vino frizzante ottenuto dalla vinificazione di uve Lambrusco coltivate nella provincia di Modena. Colore: rosso intenso con spuma evanescente Profumo: fresco e garbatamente vinoso. Sapore: caratteristico  e morbido,amabile e fruttato\r\nAbbinamenti: a tutto pasto Temperatura di servizio: servire fresco Gradazione Alcolica: 8% VOL Allergeni: Contiene Solfiti', '2022-01-04', 2),
(22, 1, 'Limoncè', 'limoncello.jpg', 31, 'Immediata', 7.9, 'Limonce\' Limoncello Liquore Al Limone In Bottiglia Da 50 CL\r\n\r\n', 'Il Limoncello Tradizionale Limoncè è uno dei liquori al limone più amato al mondo, prodotto impiegando i rinomati limoni di Sicilia. Nasce da una ricetta di alta qualità con una concentrazione di 900 grammi di scorze di limone per litro, ottenuto senza impiego di conservanti, coloranti e aromi artificiali: il limone di Sicilia nella sua più pura essenza.', 'Il Limoncello Tradizionale Limoncè è uno dei liquori al limone più amato al mondo, prodotto impiegando i rinomati limoni di Sicilia. Nasce da una ricetta di alta qualità con una concentrazione di 900 grammi di scorze di limone per litro, ottenuto senza impiego di conservanti, coloranti e aromi artificiali: il limone di Sicilia nella sua più pura essenza. Si presenta alla vista con un tipico colore giallo limone acceso. Al naso propone una ricca e avvolgente fragranza di limone fresco, esaltata da una maturazione svolta in una clima caldo e soleggiato di tipo mediterraneo. Al gusto si rivela fresco e dissetante, con buona presenza alcolica. Ottimo fine pasto come digestivo, può essere impiegato nella preparazione dell\'innovativo Limoncello Spritz.', '2022-01-20', 6),
(23, 2, 'Liqueur Margarita Triple Sec - Monin (1l)', 'triplesec.jpg', 0, '10 giorni', 15, 'Alla vista è incolore, decisamente trasparente.', 'Alla vista è incolore, decisamente trasparente. Al naso emergono tutti i profumi caratteristici del Margarita, dove spicca soprattutto l’agave mescolato con il succo di lime. In bocca è rotondo e avvolgente, molto rinfrescante.', 'Alla vista è incolore, decisamente trasparente. Al naso emergono tutti i profumi caratteristici del Margarita, dove spicca soprattutto l’agave mescolato con il succo di lime. In bocca è rotondo e avvolgente, molto rinfrescante. Tutta la bontà del Margarita racchiusa in una bottiglia prodotta dalle sapienti mani di Monin, azienda leader nella produzione di liquori e sciroppi che non smette mai di stupire. Fresco, dissetante e delicatamente profumato, questo Liqueur Triple Sec è davvero perfetta rappresentazione di uno dei cocktail più apprezzati e bevuti in tutto il mondo. Da applausi!', '2022-01-03', 3),
(24, 1, 'Liquore \"Manifest\" - Jägermeister (1l)', 'jager.jpg', 31, 'Immediata', 44.9, 'Si afferma con un colore che richiama il bronzo scuro alla vista.', 'Si afferma con un colore che richiama il bronzo scuro alla vista. Il naso è avvolto da uno spettro di sensazioni erbacee, da cui affiora un chiaro rimando all’anice e alla frutta, mentre sul finale dell’analisi olfattiva si afferma un sentore legnoso.', 'Si afferma con un colore che richiama il bronzo scuro alla vista. Il naso è avvolto da uno spettro di sensazioni erbacee, da cui affiora un chiaro rimando all’anice e alla frutta, mentre sul finale dell’analisi olfattiva si afferma un sentore legnoso. Il “Manifest” è la versione “premium” del celebre Liquore alle erbe Jägermeister. Si tratta di un’evoluzione del prodotto più classico, composto dai tipici quattro ingredienti macerati a cui si aggiungono un maggiore utilizzo di erbe in infusione e un quinto elemento durante la fase di macerazione. L’insieme di queste novità porta a una bella rotondità al sorso finale, in cui si apprezza un bouquet che mette in risalto una moltitudine di profumi erbacei. Al termine della lavorazione, il Liquore viene fatto riposare per un anno in botti di quercia, periodo in cui acquisisce maggior corpo. Intenso e complesso, “Manifest” traccia una nuova strada per il brand Jägermeister, fatta di sfide ed etichette che mirano a conquistare un pubblico sempre più ampio di appassionati.', '2022-02-01', 3),
(25, 1, 'MALIBÙ RUM CON COCCO 1 LITRO\r\n', 'malibu.jpg', 21, '10 giorni', 17.6, 'Malibù Rum con Cocco 1 Litro', 'Malibu è un liquore a base di rum dalla caratteristiche uniche: il suo sapore inconfondibile è infatti ottenuto grazie all’aggiunta di cocco e zucchero di elevata qualità, unito a rum bianco invecchiato per 1 o 2 anni. Ottimo per la miscelazione grazie al colore trasparente. Alcol 21%  Bottiglia 1000 ml.', 'Malibù Rum con Cocco 1 Litro. Malibu è un liquore a base di rum dalla caratteristiche uniche: il suo sapore inconfondibile è infatti ottenuto grazie all’aggiunta di cocco e zucchero di elevata qualità, unito a rum bianco invecchiato per 1 o 2 anni. Ottimo per la miscelazione grazie al colore trasparente. Alcol 21%  Bottiglia 1000 ml.', '2021-12-31', 4),
(26, 2, 'Romagna Albana Dolce DOCG \"Vigna del Viale\" 2020 - Fattoria Paradiso', 'albana.jpg', 12, '10 giorni', 14.5, 'Giallo paglierino carico il colore alla vista, con profondi riflessi dorati al calice.', 'Giallo paglierino carico il colore alla vista, con profondi riflessi dorati al calice. Fresco, fruttato ed elegante il bouquet olfattivo, composto da sentori di confettura d’albicocche e di miele d’acacia. Morbido e dolce il palato, di ottimo equilibrio, armonico e lungo nella persistenza. Ottimo da accompagnare con i dolci da forno, è perfetto con la crostata alle albicocche.', 'Riconosciuto come DOCG nel 2011, l’Albana di Romagna è un vino storico, non solo perché è stato il primo vino bianco a ottenere la denominazione di origine controllata, assegnatagli nel 1967, ma anche perché come pochi altri vini sanno fare, riesce a raccontare la più profonda essenza enologica del territorio da cui proviene.\r\nIl “Vigna del Viale” della “Fattoria Paradiso”, per l’appunto Albana di Romagna declinato in questo caso nella versione “dolce”, è un bianco di estrema gradevolezza, meraviglioso per il dopocena e favoloso con i dolci da forno. Se lo stapperete insieme alla crostata di albicocche, vi farà letteralmente impazzire.', '2021-12-20', 2),
(27, 2, 'Romagna Sangiovese Superiore \"Rubbio\" GUARINI', 'sangiovese.jpg', 3, 'Immediata', 13.9, 'Regione: Emilia Romagna Tipologia: Vino Rosso Fermo Gradazione: 13/14%', 'Regione: Emilia Romagna Tipologia: Vino Rosso Fermo Gradazione: 13/14% Vitigno: Sangiovese Grosso 100% Luogo di Produzione, Affinamento, Temp. di servizio: Prodotto nel terreno di Ronco dei Sassi (Castrocaro Terme). Affinamento in Acciaio Inox per 6 mesi ed almeno 30 giorni in bottiglia. Temp. Servizio 18/20 gradi.', 'Il Sangiovese Superiore di Romagna o in dialetto romagnolo Sanzves\'s, possiede tutte le caratteristiche tipiche dei Sangiovesi: possiamo distinguere il sangiovese Base, più fresco/rustico e di pronta beva, con il Sangiovese Superiore più austero, elegante e potente anche se mantiene una sua caratteristica rusticità che si modifica in modo evidente a seconda dei terreni nei quali è coltivato e prodotto. Storicamente sembra provenga dal Monte Giove, vicino a Sant\'Arcangelo di Romagna, dove i Monaci sin dal Medioevo producevano un vino potente ed elegante che lasciò colpito persino Papa Leone XII. Dopo una prima riscoperta nel periodo delle due guerre ha subito un certo declino, per poi, seguendo il generalizzato incremento della qualità produttiva degli ultimi 20 - 30 anni, ritornare ad essere coltivato e vinificato con sempre maggiore qualità nel rispetto delle singole tipicità zonali.', '2021-12-21', 2),
(28, 2, 'Rum Havana Club 3', 'rumhavana.jpg', 15, '5 giorni', 12.95, 'Rum dal colore paglierino, luminoso e denso dovuto al suo invecchiamento.', 'L\'Havana Club 3 Anos è costituito da una selezione di rum bianchi giovani (a loro volta ottenuti mescolando selezionate aguardientes aromatiche con un leggerissimo distillato di canna da zucchero). I rum così ottenuti vengono travasati in botti di quercia bianca e sottoposti ad invecchiamento. Successivamente, il Maestro Ronero sceglie le botti migliori e attraverso un attento blending, ottiene il prodotto finito, un rum invecchiato per 3 anni che, dopo un\'ulteriore fase di riposto e filtraggio, può essere finalmente imbottigliato. Rum dal colore paglierino, luminoso e denso dovuto al suo invecchiamento Al naso è intenso, con sentori di vaniglia, pera e un leggero tocco di quercia Al palato è piacevolissimo con retrogusto affumicato e sentori di cioccolata e vaniglia.', 'Havana Club è uno dei marchi più famosi del mondo dei distillati, da sempre legato alla storia del Rum. La tradizione di Cuba nel campo del Rum ha, infatti, origini antichissime. La coltivazione della canna da zucchero è cominciata sull’isola caraibica dopo la colonizzazione da parte di Cristoforo Colombo e si è sviluppata subito molto bene grazie al clima favorevole e alle terre fertili.  Già verso la metà dell’Ottocento, Cuba produceva un terzo dello zucchero del mondo. Lo sviluppo della coltivazione della canna da zucchero è stato il presupposto per avere a disposizione un’ottima materia prima, succo di canna o melassa, per cominciare a realizzare distillati. Tuttavia la Spagna proibiva ai coloni la distillazione per preservare il Monopolio della madrepatria. Solo verso la metà del XIX secolo, nel periodo della lotta per l’indipendenza cubana, cominciò a svilupparsi l’industria del Rum, che presto si affermò come una delle più importanti dell’isola. Lo sviluppo della produzione del Rum a Cuba e di Havana Club, coincide con la diffusione dei più moderni alambicchi in rame, che permettevano di realizzare Rum dal profilo più elegante e fine, più leggero e fresco. Il nuovo volto del Rum, rende il distillato anche più adatto alla moda della mixologia. Da quel momento, e ancora oggi, il Rum è un elemento indispensabile per la creazione di cocktail: Daiquiri, Mojito, Cuba Libre. In particolare le etichette Havana Club 3 Anos e Havana Club Especial sono le più indicate per realizzare straordinari cocktail dal gusto caraibico. I Rum Havana Club rappresentano l’eccellenza dell’isola di Cuba. Sono prodotti con canna da zucchero di alta qualità, lavorata da esperti raccoglitori secondo le più antiche pratiche artigianali. L’antica arte della distillazione, si svolge ancora oggi sotto lo sguardo competente dei Maestros Roneros, che garantiscono un processo lento e accurato. I Rum Havana Club nascono da un rispetto assoluto dei tempi necessari per una perfetta maturazione dei distillati. Per gli amanti dei Rum di alta gamma Havana Club realizza vere bottiglie da grandi intenditori.', '2021-12-30', 4),
(29, 2, 'Rum Reserva Exclusiva - Diplomático (0.7l - astuccio a tubo)', 'rumdiplomatico.jpg', 9, 'Immediata', 36.4, 'Ambrato carico con riflessi dorati.', 'Ambrato carico con riflessi dorati. Il naso è composto da vaniglia, confettura di frutta, arancia, cacao, cannella e noci. Etereo l’assaggio, ricco di aromi su cui spiccano il caramello e la frutta cotta. Il retrogusto ricorda il cioccolato fondente e la noce moscata; lungo e piacevole in persistenza.', 'Ambrato carico con riflessi dorati. Il naso è composto da vaniglia, confettura di frutta, arancia, cacao, cannella e noci. Etereo l’assaggio, ricco di aromi su cui spiccano il caramello e la frutta cotta. Il retrogusto ricorda il cioccolato fondente e la noce moscata; lungo e piacevole in persistenza. Reserva Exclusiva è un blend di rum invecchiati fino a 12 anni, composto da un 80% di distillato crudo proveniente dal Pot Still e dal restante 20% suddiviso fra Batch Kettle e Barbet Column. Un Rum complesso, rotondo ed aromatico, perfetto per concedersi un momento di autentico piacere.', '2022-01-04', 3),
(30, 1, 'Shaker Cobbler Continentale 350 ml Made in Italy - ebarman', 'shaker.jpg', 5, 'Immediata', 29.69, 'Linea Ebarman High Quality - Made in Italy', 'Classico Shaker tradizionale per cocktail. Ebarman offre questa linea di Shaker per barman di alta qualità realizzato interamente in acciaio inox 18/10. Il nostro shaker continentale cobbler in acciaio lucido ha una capienza di 350 ml. Realizzato con acciaio di qualità e lavorato con precisione sui bordi interni, lo shaker continentale permette un\'ottima chiusura di tutti i componenti durante la shakerata.', 'Classico Shaker tradizionale per cocktail. Ebarman offre questa linea di Shaker per barman di alta qualità realizzato interamente in acciaio inox 18/10. Il nostro shaker continentale cobbler in acciaio lucido ha una capienza di 350 ml. Realizzato con acciaio di qualità e lavorato con precisione sui bordi interni, lo shaker continentale permette un\'ottima chiusura di tutti i componenti durante la shakerata. Ideale per la tecnica \"hard shake\". Shaker continentale ideale per la costruzione di un singolo cocktail. Tutti i nostri shaker cobbler appartengono alla linea di alta qualità e si differenziano dai classici shaker tradizionali ( facilmente reperibili on line su molti e-commerce ) per le forme e per il tipo di acciaio utilizzato per la produzione. Il peso di questo shaker cobbler di 220 g. garantisce lo spessore e la qualità del prodotto. Queste caratteristiche assicurano allo shaker di mantenere le sue forme e la sua lucidità nel tempo.', '2022-01-05', 7),
(31, 1, 'Single Malt Scotch Whisky \"The Glenlivet 15 Years Old\" - The Glenlivet (0.7l - astuccio)', 'scotch.jpg', 2, '5 giorni', 44, 'Colore dorato. Al naso è ricco, con sentori di agrumi e spezie, in particolare vaniglia. ', 'Colore dorato. Al naso è ricco, con sentori di agrumi e spezie, in particolare vaniglia. Al palato rivela un complesso bouquet aromatico, su una suadente base di crema all’uovo e burro. Finale delicato, con note di madorla e nocciola. Posizionata nella zona più remota delle Highlands con a sud la catena dei monti Cairngorm e a nord il Ben Rinnes, la distilleria The Glenlivet si trova in una regione selvaggia ed isolata.', 'Colore dorato. Al naso è ricco, con sentori di agrumi e spezie, in particolare vaniglia. Al palato rivela un complesso bouquet aromatico, su una suadente base di crema all’uovo e burro. Finale delicato, con note di madorla e nocciola. Posizionata nella zona più remota delle Highlands con a sud la catena dei monti Cairngorm e a nord il Ben Rinnes, la distilleria The Glenlivet si trova in una regione selvaggia ed isolata. Il Single Malt Scotch Whisky \"The Glenlivet 15 Years Old\" della distilleria The Glenlivet è un whisky perfettamente strutturato e ricco, splendidamente segnato dall\'affinamento in botti di rovere francese. Raffinato e dal complesso bouquet aromatico, richiama, fin dal primo assaggio, tutto l\'incanto del cuore più vero della Scozia.', '2022-01-17', 3),
(32, 1, 'Spumante Bellavista FRANCIACORTA alma G.cuvee Brut Lt,1,5', 'bellavista.jpg', 5, '1 mese', 68.58, 'FRANCIACORTA alma G.cuvee Brut Lt,1,5', '\"New Air on Wine. Questa è la frase che abbiamo scelto per esprimere l’idea colorata che raccontano i nostri Franciacorta.\r\nUn’Aria Nuova perché l’energia di Bellavista è un pensiero vitale che da sempre ci accompagna rendendo possibile il realizzarsi di tanti sogni. A distanza di quasi 40 anni dalla nascita della nostra cantina, abbiamo sentito l’esigenza di rinnovare il linguaggio della nostra immagine avendo particolare attenzione che questo cambiamento prendesse ispirazione e sostanza dal pensiero enologico e vitivinicolo che contraddistingue lo stile aziendale\". In Bellavista tutto è stato progettato e realizzato in funzione di un pensiero viticolo ed enologico molto chiaro. In questa intenzione, si sono riconosciuti uomini che hanno scelto di abbracciare una filosofia senza pregiudizi e senza compromessi. Con calma e con lungimiranza, hanno preso in mano la propria vita armonizzandola con il proprio lavoro.', '\"New Air on Wine. Questa è la frase che abbiamo scelto per esprimere l’idea colorata che raccontano i nostri Franciacorta.\r\nUn’Aria Nuova perché l’energia di Bellavista è un pensiero vitale che da sempre ci accompagna rendendo possibile il realizzarsi di tanti sogni. A distanza di quasi 40 anni dalla nascita della nostra cantina, abbiamo sentito l’esigenza di rinnovare il linguaggio della nostra immagine avendo particolare attenzione che questo cambiamento prendesse ispirazione e sostanza dal pensiero enologico e vitivinicolo che contraddistingue lo stile aziendale\". In Bellavista tutto è stato progettato e realizzato in funzione di un pensiero viticolo ed enologico molto chiaro. In questa intenzione, si sono riconosciuti uomini che hanno scelto di abbracciare una filosofia senza pregiudizi e senza compromessi. Con calma e con lungimiranza, hanno preso in mano la propria vita armonizzandola con il proprio lavoro. Spumante Bellavista Alma Cuvee Brut Zona di produzione: Lombardia. Uvaggio : 80% Chardonnay, 19% Pinot nero, 1% Pinot bianco. Colore : giallo con evidenti riflessi verdognoli. Profumo: profumo che è ampio e invitante ed abbraccia sfumature di frutta dolce e leggermente matura (pere Decana) con sottili accenni di clorofilla e vaniglia. Gusto: il sapore è pienamente corrispondente al naso, sapido e completo nel retrogusto. Spessore e grande armonia si incontrano nell’eccellente eleganza. Abbinamenti gastronomici: si abbina con pesce, selvaggina e pasta. Temperatura consigliata: 6-8°C. Gradazione alcolica: 12.5%.', '2022-01-03', 2),
(33, 2, 'Tequila Blanco - Espolòn, Destiladora San Nicolas (0.7l)', 'tequila.jpg', 19, '10 giorni', 19.9, 'Colore chiaro con tonalità platino.', 'Colore chiaro con tonalità platino. Al naso presenta un’aroma delicato di agave dolce, fiori, frutti tropicali e scorza di limone. Al palato è morbido. Presenta un corpo leggero, arricchito da ricche note di pepe, vaniglia, ananas alla griglia e spezie. Finale elegante e pulito che termina con un accenno di spezie.', 'Colore chiaro con tonalità platino. Al naso presenta un’aroma delicato di agave dolce, fiori, frutti tropicali e scorza di limone. Al palato è morbido. Presenta un corpo leggero, arricchito da ricche note di pepe, vaniglia, ananas alla griglia e spezie. Finale elegante e pulito che termina con un accenno di spezie. È un tequila “Blanco” che presenta il caratteristico aroma di agave dolce, unito a sentori di frutti tropicali e scorza di limone. Un prodotto di qualità per chi è alla ricerca di un’ottima base per i cocktail rinfrescanti e delicati come il Paloma.', '2022-01-11', 4),
(34, 2, 'Vecchio Amaro del Capo Caffo', 'amarodelcapo.jpg', 5, '10 giorni', 10.9, 'Il Vecchio Amaro del Capo è un famoso liquore italiano realizzato con un\'antica ricetta calabrese.', 'Il Vecchio Amaro del Capo è un famoso liquore italiano realizzato con un\'antica ricetta calabrese, che prevede l\'utilizzo di erbe, frutti e fiori regionali. Da servire ghiacciato, è perfetto da gustare liscio, come ingrediente da cocktail o per correggere il caffè. Con il suo gusto aromatico, avvolgente e genuino, esprime tutto il calore mediterraneo della Calabria!', 'Il Vecchio Amaro del Capo, prodotto dalla distilleria Caffo, è una dei liquori italiani più conosciuti e apprezzati al mondo. È un amaro che nasce da un’antica ricetta calabrese, ancora oggi riproposta nella versione tramandata di generazione in generazione. La sua personalità unica è il frutto di oltre un secolo d’esperienza nella ricerca e selezione di botaniche tipiche della flora locale, lavorate con cura artigianale, rispettando i lunghi processi di produzione del passato. Le sue note fresche e fragranti, i suoi aromi decisi e persistenti, esprimono perfettamente il volto caldo e mediterraneo della terra di Calabria.\r\n\r\nIl Vecchio Amaro del Capo è la punta di diamante della distilleria calabrese Caffo. È un liquore alle erbe che rappresenta la memoria storica di un grande marchio italiano. La ricetta base è stata continuamente aggiornata e migliorata nel corso del tempo grazie all’apporto creativo di ogni generazione, che ha saputo dare un prezioso contributo a un prodotto di grande qualità. Il procedimento di produzione segue ancora i più antichi insegnamenti, con infusione in alcol delle botaniche per estrarre lentamente tutti i profumi e gli aromi. Da sempre famoso per il suo gusto delicato persistente, è stato il primo amaro a essere proposto da bere ghiacciato. La sua fama ha oltrepassato i confini nazionali e nel 2010 è stato premiato con la medaglia d’oro al concorso mondiale di Bruxelles. I suoi principi attivi, estratti da erbe officinali, aiutano la digestione e donano una sensazione di piacevole freschezza.\r\n\r\nIl Vecchio Amaro del Capo di Caffo è realizzato con 29 erbe, fiori, frutti e radici calabresi, tra cui: l’arancio amaro, l’arancio dolce, la liquirizia, il mandarino, la camomilla, il ginepro, la menta piperita, semi d’anice e molti ingredienti tenuti segreti. È particolarmente apprezzato per il suo gusto delicato, con aromi non troppo forti e con note equilibrate, non eccessivamente amare. Nel bicchiere si presenta di colore ambrato piuttosto scuro con riflessi brillanti. Elegante e ricco, regala note di erbe aromatiche della macchia mediterranea, morbide spezie, caramello, scorza d’agrumi, erbe officinali e balsamiche. Il sorso è avvolgente e suadente, con aromi molto persistenti e un finale lungo. Per apprezzarlo al meglio va degustato ghiacciato alla temperatura di -20 °C. È ottimo anche da usare per correggere il caffè o per preparare cocktail.', '2022-01-25', 6),
(35, 1, 'VODKA DRY KEGLEVICH', 'vodka.jpg', 22, 'Immediata', 12, 'Vodka di puro grano distillata 6 volte di origine polacca per un gusto liscio, intenso.', 'L’attrazione nella sua forma più pura: vodka di puro grano distillata 6 volte di origine polacca per un gusto liscio, intenso e inconfondibile.', 'L’attrazione nella sua forma più pura: vodka di puro grano distillata 6 volte di origine polacca per un gusto liscio, intenso e inconfondibile.', '2022-01-05', 4);

/*!40101 SET CHARACTER_SET_CLIENT=@OLD_CHARACTER_SET_CLIENT */;
/*!40101 SET CHARACTER_SET_RESULTS=@OLD_CHARACTER_SET_RESULTS */;
/*!40101 SET COLLATION_CONNECTION=@OLD_COLLATION_CONNECTION */;
